<?xml version="1.0" encoding="UTF-8"?>
<GenRun Id="synth_1" LaunchPart="xc7z010clg400-1" LaunchTime="1697238580">
  <File Type="PA-TCL" Name="prelab_sequence_detector.tcl"/>
  <File Type="RDS-PROPCONSTRS" Name="prelab_sequence_detector_drc_synth.rpt"/>
  <File Type="REPORTS-TCL" Name="prelab_sequence_detector_reports.tcl"/>
  <File Type="RDS-RDS" Name="prelab_sequence_detector.vds"/>
  <File Type="RDS-UTIL" Name="prelab_sequence_detector_utilization_synth.rpt"/>
  <File Type="RDS-UTIL-PB" Name="prelab_sequence_detector_utilization_synth.pb"/>
  <File Type="RDS-DCP" Name="prelab_sequence_detector.dcp"/>
  <File Type="VDS-TIMINGSUMMARY" Name="prelab_sequence_detector_timing_summary_synth.rpt"/>
  <File Type="VDS-TIMING-PB" Name="prelab_sequence_detector_timing_summary_synth.pb"/>
  <FileSet Name="sources" Type="DesignSrcs" RelSrcDir="$PSRCDIR/sources_1">
    <Filter Type="Srcs"/>
    <File Path="$PSRCDIR/sources_1/new/prelab_sequence_detector.vhd">
      <FileInfo>
        <Attr Name="UsedIn" Val="synthesis"/>
        <Attr Name="UsedIn" Val="simulation"/>
      </FileInfo>
    </File>
    <Config>
      <Option Name="DesignMode" Val="RTL"/>
      <Option Name="TopModule" Val="prelab_sequence_detector"/>
      <Option Name="TopAutoSet" Val="TRUE"/>
    </Config>
  </FileSet>
  <FileSet Name="constrs_in" Type="Constrs" RelSrcDir="$PSRCDIR/constrs_1">
    <Filter Type="Constrs"/>
    <File Path="$PPRDIR/../part 1/example.xdc">
      <FileInfo>
        <Attr Name="UsedIn" Val="synthesis"/>
        <Attr Name="UsedIn" Val="implementation"/>
      </FileInfo>
    </File>
    <Config>
      <Option Name="ConstrsType" Val="XDC"/>
    </Config>
  </FileSet>
  <FileSet Name="utils" Type="Utils" RelSrcDir="$PSRCDIR/utils_1">
    <Filter Type="Utils"/>
    <Config>
      <Option Name="TopAutoSet" Val="TRUE"/>
    </Config>
  </FileSet>
  <Strategy Version="1" Minor="2">
    <StratHandle Name="Vivado Synthesis Defaults" Flow="Vivado Synthesis 2019"/>
    <Step Id="synth_design"/>
  </Strategy>
</GenRun>
