<?xml version="1.0" encoding="UTF-8"?>
<GenRun Id="impl_1" LaunchPart="xc7z010clg400-1" LaunchTime="1697236457">
  <File Type="BITSTR-BMM" Name="scrambler_system_bd.bmm"/>
  <File Type="OPT-METHODOLOGY-DRC" Name="scrambler_system_methodology_drc_opted.rpt"/>
  <File Type="INIT-TIMING" Name="scrambler_system_timing_summary_init.rpt"/>
  <File Type="ROUTE-PWR" Name="scrambler_system_power_routed.rpt"/>
  <File Type="PA-TCL" Name="scrambler_system.tcl"/>
  <File Type="OPT-TIMING" Name="scrambler_system_timing_summary_opted.rpt"/>
  <File Type="OPT-DCP" Name="scrambler_system_opt.dcp"/>
  <File Type="ROUTE-PWR-SUM" Name="scrambler_system_power_summary_routed.pb"/>
  <File Type="REPORTS-TCL" Name="scrambler_system_reports.tcl"/>
  <File Type="OPT-DRC" Name="scrambler_system_drc_opted.rpt"/>
  <File Type="OPT-HWDEF" Name="scrambler_system.hwdef"/>
  <File Type="PWROPT-DCP" Name="scrambler_system_pwropt.dcp"/>
  <File Type="PWROPT-DRC" Name="scrambler_system_drc_pwropted.rpt"/>
  <File Type="PWROPT-TIMING" Name="scrambler_system_timing_summary_pwropted.rpt"/>
  <File Type="PLACE-DCP" Name="scrambler_system_placed.dcp"/>
  <File Type="PLACE-IO" Name="scrambler_system_io_placed.rpt"/>
  <File Type="PLACE-CLK" Name="scrambler_system_clock_utilization_placed.rpt"/>
  <File Type="PLACE-UTIL" Name="scrambler_system_utilization_placed.rpt"/>
  <File Type="PLACE-UTIL-PB" Name="scrambler_system_utilization_placed.pb"/>
  <File Type="PLACE-CTRL" Name="scrambler_system_control_sets_placed.rpt"/>
  <File Type="PLACE-SIMILARITY" Name="scrambler_system_incremental_reuse_placed.rpt"/>
  <File Type="PLACE-PRE-SIMILARITY" Name="scrambler_system_incremental_reuse_pre_placed.rpt"/>
  <File Type="BG-BGN" Name="scrambler_system.bgn"/>
  <File Type="PLACE-TIMING" Name="scrambler_system_timing_summary_placed.rpt"/>
  <File Type="POSTPLACE-PWROPT-DCP" Name="scrambler_system_postplace_pwropt.dcp"/>
  <File Type="BG-BIN" Name="scrambler_system.bin"/>
  <File Type="POSTPLACE-PWROPT-TIMING" Name="scrambler_system_timing_summary_postplace_pwropted.rpt"/>
  <File Type="PHYSOPT-DCP" Name="scrambler_system_physopt.dcp"/>
  <File Type="PHYSOPT-DRC" Name="scrambler_system_drc_physopted.rpt"/>
  <File Type="BITSTR-MSK" Name="scrambler_system.msk"/>
  <File Type="PHYSOPT-TIMING" Name="scrambler_system_timing_summary_physopted.rpt"/>
  <File Type="ROUTE-ERROR-DCP" Name="scrambler_system_routed_error.dcp"/>
  <File Type="ROUTE-DCP" Name="scrambler_system_routed.dcp"/>
  <File Type="ROUTE-BLACKBOX-DCP" Name="scrambler_system_routed_bb.dcp"/>
  <File Type="ROUTE-DRC" Name="scrambler_system_drc_routed.rpt"/>
  <File Type="ROUTE-DRC-PB" Name="scrambler_system_drc_routed.pb"/>
  <File Type="BITSTR-LTX" Name="debug_nets.ltx"/>
  <File Type="BITSTR-LTX" Name="scrambler_system.ltx"/>
  <File Type="ROUTE-DRC-RPX" Name="scrambler_system_drc_routed.rpx"/>
  <File Type="BITSTR-MMI" Name="scrambler_system.mmi"/>
  <File Type="ROUTE-METHODOLOGY-DRC" Name="scrambler_system_methodology_drc_routed.rpt"/>
  <File Type="ROUTE-METHODOLOGY-DRC-RPX" Name="scrambler_system_methodology_drc_routed.rpx"/>
  <File Type="BITSTR-SYSDEF" Name="scrambler_system.sysdef"/>
  <File Type="ROUTE-METHODOLOGY-DRC-PB" Name="scrambler_system_methodology_drc_routed.pb"/>
  <File Type="ROUTE-PWR-RPX" Name="scrambler_system_power_routed.rpx"/>
  <File Type="ROUTE-STATUS" Name="scrambler_system_route_status.rpt"/>
  <File Type="ROUTE-STATUS-PB" Name="scrambler_system_route_status.pb"/>
  <File Type="ROUTE-TIMINGSUMMARY" Name="scrambler_system_timing_summary_routed.rpt"/>
  <File Type="ROUTE-TIMING-PB" Name="scrambler_system_timing_summary_routed.pb"/>
  <File Type="ROUTE-TIMING-RPX" Name="scrambler_system_timing_summary_routed.rpx"/>
  <File Type="ROUTE-SIMILARITY" Name="scrambler_system_incremental_reuse_routed.rpt"/>
  <File Type="ROUTE-CLK" Name="scrambler_system_clock_utilization_routed.rpt"/>
  <File Type="ROUTE-BUS-SKEW" Name="scrambler_system_bus_skew_routed.rpt"/>
  <File Type="ROUTE-BUS-SKEW-PB" Name="scrambler_system_bus_skew_routed.pb"/>
  <File Type="ROUTE-BUS-SKEW-RPX" Name="scrambler_system_bus_skew_routed.rpx"/>
  <File Type="POSTROUTE-PHYSOPT-DCP" Name="scrambler_system_postroute_physopt.dcp"/>
  <File Type="POSTROUTE-PHYSOPT-BLACKBOX-DCP" Name="scrambler_system_postroute_physopt_bb.dcp"/>
  <File Type="POSTROUTE-PHYSOPT-TIMING" Name="scrambler_system_timing_summary_postroute_physopted.rpt"/>
  <File Type="POSTROUTE-PHYSOPT-TIMING-PB" Name="scrambler_system_timing_summary_postroute_physopted.pb"/>
  <File Type="POSTROUTE-PHYSOPT-TIMING-RPX" Name="scrambler_system_timing_summary_postroute_physopted.rpx"/>
  <File Type="POSTROUTE-PHYSOPT-BUS-SKEW" Name="scrambler_system_bus_skew_postroute_physopted.rpt"/>
  <File Type="POSTROUTE-PHYSOPT-BUS-SKEW-PB" Name="scrambler_system_bus_skew_postroute_physopted.pb"/>
  <File Type="BG-BIT" Name="scrambler_system.bit"/>
  <File Type="POSTROUTE-PHYSOPT-BUS-SKEW-RPX" Name="scrambler_system_bus_skew_postroute_physopted.rpx"/>
  <File Type="BITSTR-RBT" Name="scrambler_system.rbt"/>
  <File Type="BITSTR-NKY" Name="scrambler_system.nky"/>
  <File Type="BG-DRC" Name="scrambler_system.drc"/>
  <File Type="RDI-RDI" Name="scrambler_system.vdi"/>
  <File Type="WBT-USG" Name="usage_statistics_webtalk.html"/>
  <FileSet Name="sources" Type="DesignSrcs" RelSrcDir="$PSRCDIR/sources_1">
    <Filter Type="Srcs"/>
    <File Path="$PPRDIR/../lab 1 resources/clock_divider.vhd">
      <FileInfo>
        <Attr Name="UsedIn" Val="synthesis"/>
        <Attr Name="UsedIn" Val="simulation"/>
      </FileInfo>
    </File>
    <File Path="$PPRDIR/../lab 1 resources/display_controller.vhd">
      <FileInfo>
        <Attr Name="UsedIn" Val="synthesis"/>
        <Attr Name="UsedIn" Val="simulation"/>
      </FileInfo>
    </File>
    <File Path="$PPRDIR/../Send_To_Email/priority_encoder_8_3.vhd">
      <FileInfo>
        <Attr Name="UsedIn" Val="synthesis"/>
        <Attr Name="UsedIn" Val="simulation"/>
      </FileInfo>
    </File>
    <File Path="$PSRCDIR/sources_1/new/priority_scrambler.vhd">
      <FileInfo>
        <Attr Name="UsedIn" Val="synthesis"/>
        <Attr Name="UsedIn" Val="simulation"/>
      </FileInfo>
    </File>
    <File Path="$PPRDIR/../lab 1 resources/register.vhd">
      <FileInfo>
        <Attr Name="UsedIn" Val="synthesis"/>
        <Attr Name="UsedIn" Val="simulation"/>
      </FileInfo>
    </File>
    <File Path="$PSRCDIR/sources_1/new/scrambler_system.vhd">
      <FileInfo>
        <Attr Name="UsedIn" Val="synthesis"/>
        <Attr Name="UsedIn" Val="simulation"/>
      </FileInfo>
    </File>
    <File Path="$PPRDIR/../Send_To_Email/mux_4.vhd">
      <FileInfo>
        <Attr Name="AutoDisabled" Val="1"/>
        <Attr Name="UsedIn" Val="synthesis"/>
        <Attr Name="UsedIn" Val="simulation"/>
      </FileInfo>
    </File>
    <File Path="$PPRDIR/../Send_To_Email/priority_encoder_4_2_mux.vhd">
      <FileInfo>
        <Attr Name="AutoDisabled" Val="1"/>
        <Attr Name="UsedIn" Val="synthesis"/>
        <Attr Name="UsedIn" Val="simulation"/>
      </FileInfo>
    </File>
    <File Path="$PSRCDIR/sources_1/new/display_system_design.vhd">
      <FileInfo>
        <Attr Name="AutoDisabled" Val="1"/>
        <Attr Name="UsedIn" Val="synthesis"/>
        <Attr Name="UsedIn" Val="simulation"/>
      </FileInfo>
    </File>
    <Config>
      <Option Name="DesignMode" Val="RTL"/>
      <Option Name="TopModule" Val="scrambler_system"/>
    </Config>
  </FileSet>
  <FileSet Name="constrs_in" Type="Constrs" RelSrcDir="$PSRCDIR/constrs_1">
    <Filter Type="Constrs"/>
    <File Path="$PPRDIR/../lab 1 resources/Zybo-z7-master.xdc">
      <FileInfo>
        <Attr Name="UsedIn" Val="synthesis"/>
        <Attr Name="UsedIn" Val="implementation"/>
      </FileInfo>
    </File>
    <Config>
      <Option Name="ConstrsType" Val="XDC"/>
    </Config>
  </FileSet>
  <FileSet Name="utils" Type="Utils" RelSrcDir="$PSRCDIR/utils_1">
    <Filter Type="Utils"/>
    <Config>
      <Option Name="TopAutoSet" Val="TRUE"/>
    </Config>
  </FileSet>
  <Strategy Version="1" Minor="2">
    <StratHandle Name="Vivado Implementation Defaults" Flow="Vivado Implementation 2019"/>
    <Step Id="init_design"/>
    <Step Id="opt_design"/>
    <Step Id="power_opt_design"/>
    <Step Id="place_design"/>
    <Step Id="post_place_power_opt_design"/>
    <Step Id="phys_opt_design"/>
    <Step Id="route_design"/>
    <Step Id="post_route_phys_opt_design"/>
    <Step Id="write_bitstream"/>
  </Strategy>
</GenRun>
